{
  "parameters": {
    "depth": 5,
    "alpha": 0.005727713276215306
  },
  "metrics": {
    "node_count": 36,
    "edge_count": 50,
    "num_paths_t": [
      1,
      2,
      4,
      8,
      16,
      32
    ],
    "front_profile_t": [
      0.0,
      1.0,
      0.88,
      1.42,
      1.52,
      1.88
    ],
    "front_symmetry_deviation": 0.16879932582742974,
    "theoretical_paths_top": 32,
    "actual_paths_top": 32
  },
  "front_data": {
    "times": [
      0,
      1,
      2,
      3,
      4,
      5
    ],
    "mean_positions": [
      0.0,
      1.0,
      0.88,
      1.42,
      1.52,
      1.88
    ],
    "std_positions": [
      0.0,
      0.0,
      0.9927738916792685,
      0.8146164741766522,
      1.3302631318652713,
      1.2749901960407382
    ]
  },
  "files": {
    "demo_plot": "/Users/robertbrodie/time_as_computation_cost/experiments/out/causal_diamond/diamond_demo.png"
  }
}