{
  "parameters": {
    "n_points": 50,
    "noise_sigma": 0.05,
    "a_true": 2.0,
    "beta_true": 1.5
  },
  "fitted_params": {
    "a_hat": 2.0647992448080283,
    "a_hat_ci": [
      1.9457594649993377,
      2.183839024616719
    ],
    "beta_hat": 1.5,
    "beta_hat_ci": [
      1.5,
      1.5
    ]
  },
  "model_comparison": {
    "exponential": {
      "aic": -303.71135166282625,
      "bic": -301.7993286573981,
      "cv_score": 0.002311991243159977,
      "cv_std": 0.0007045862280729737
    },
    "polynomial": {
      "aic": -305.1178802845197,
      "bic": -299.38181126823525,
      "cv_score": 0.0022595104347432043,
      "cv_std": 0.0007436318264369558
    },
    "power_law": {
      "aic": -206.25562717412646,
      "bic": -202.43158116327018,
      "cv_score": 5.776175854309445,
      "cv_std": 11.52012168947891
    }
  },
  "synthetic_data": {
    "N_values": [
      0.7,
      0.7061224489795918,
      0.7122448979591837,
      0.7183673469387755,
      0.7244897959183673,
      0.7306122448979592,
      0.736734693877551,
      0.7428571428571428,
      0.7489795918367347,
      0.7551020408163265,
      0.7612244897959183,
      0.7673469387755102,
      0.773469387755102,
      0.7795918367346939,
      0.7857142857142857,
      0.7918367346938775,
      0.7979591836734694,
      0.8040816326530612,
      0.810204081632653,
      0.8163265306122449,
      0.8224489795918367,
      0.8285714285714285,
      0.8346938775510204,
      0.8408163265306122,
      0.846938775510204,
      0.8530612244897959,
      0.8591836734693877,
      0.8653061224489795,
      0.8714285714285714,
      0.8775510204081632,
      0.883673469387755,
      0.889795918367347,
      0.8959183673469387,
      0.9020408163265305,
      0.9081632653061225,
      0.9142857142857143,
      0.9204081632653061,
      0.926530612244898,
      0.9326530612244898,
      0.9387755102040816,
      0.9448979591836735,
      0.9510204081632653,
      0.9571428571428571,
      0.963265306122449,
      0.9693877551020408,
      0.9755102040816326,
      0.9816326530612245,
      0.9877551020408163,
      0.9938775510204081,
      1.0
    ],
    "DoF_values": [
      0.573647343744588,
      0.5486598756966712,
      0.5948022746170637,
      0.6454984260835708,
      0.5646537176154116,
      0.5717554108726808,
      0.6696112558447616,
      0.6362992696748148,
      0.5818203849634616,
      0.6398794349170478,
      0.5971297521565213,
      0.6046563606830042,
      0.6477773268777813,
      0.5478468793640557,
      0.5651931659054039,
      0.6313505233842,
      0.6169480659157809,
      0.6915268086355297,
      0.6387393895145627,
      0.6219541391384332,
      0.7743843369944184,
      0.6984507806647986,
      0.7218601209930702,
      0.6560981455336761,
      0.7090773189600774,
      0.7509138848621466,
      0.6970011366894867,
      0.7826319135579953,
      0.7432258059872504,
      0.7681997226372559,
      0.7623431193835545,
      0.8948052153344982,
      0.8113995810688863,
      0.7691937940089312,
      0.8733347462954607,
      0.7814182591182203,
      0.8632828803061797,
      0.765363327573677,
      0.8075741142402647,
      0.8945941059448149,
      0.9325746596575502,
      0.9152543246463599,
      0.9120740243374804,
      0.914109404390649,
      0.8666859587454799,
      0.9162083517450121,
      0.9408998998981289,
      1.0286637573994295,
      1.0050106802217336,
      0.9118479922318633
    ],
    "psi_values": [
      0.4344776896434583,
      0.4064010310981633,
      0.45873188857037894,
      0.518612262646518,
      0.42430025008923977,
      0.43233005180762163,
      0.547941403749205,
      0.5075655495311875,
      0.44379601682753095,
      0.5118553287143928,
      0.46142706646212733,
      0.4701786868267151,
      0.5213610882821959,
      0.4054980669783121,
      0.42490843532614636,
      0.5016557762581348,
      0.4845882848238503,
      0.575060492298576,
      0.5104880125710083,
      0.4904983419174934,
      0.6814513249371766,
      0.5837188398776887,
      0.6133093349304001,
      0.5314387468250086,
      0.5970908155654813,
      0.6507065856709948,
      0.5819025087114251,
      0.6923669518143123,
      0.6407390175203151,
      0.6733040379553036,
      0.6656190260256185,
      0.8464333374249392,
      0.7308902503860929,
      0.6746113713138764,
      0.8161521121016658,
      0.690757060194996,
      0.8021021728221148,
      0.6695784592874623,
      0.7257275075003999,
      0.8461338094120647,
      0.9005864650517452,
      0.8756139751180377,
      0.87105410330717,
      0.8739714896906985,
      0.8068496981562976,
      0.8769833930276268,
      0.9126728543517815,
      1.0433022839144428,
      1.0075254275782735,
      0.8707303236755853
    ]
  }
}