{
  "parameters": {
    "n_points": 27,
    "noise_sigma": 0.20213471706459762,
    "a_true": 0.7179792440310357,
    "beta_true": 0.17562130952884658
  },
  "fitted_params": {
    "a_hat": 0.5604036014132091,
    "a_hat_ci": [
      0.14013784094274073,
      0.9806693618836775
    ],
    "beta_hat": 0.17562130952884658,
    "beta_hat_ci": [
      0.17562130952884658,
      0.17562130952884658
    ]
  },
  "model_comparison": {
    "exponential": {
      "aic": -94.2209356770841,
      "bic": -92.92509881107978,
      "cv_score": 0.030270992014864828,
      "cv_std": 0.011537580877156091
    },
    "polynomial": {
      "aic": -92.88322362326451,
      "bic": -88.99571302525152,
      "cv_score": 0.03320107325433696,
      "cv_std": 0.009874589072117504
    },
    "power_law": {
      "aic": -92.1857368926576,
      "bic": -89.59406316064894,
      "cv_score": 0.15908219581290423,
      "cv_std": 0.2569951880349083
    }
  },
  "synthetic_data": {
    "N_values": [
      0.7,
      0.7115384615384615,
      0.7230769230769231,
      0.7346153846153846,
      0.7461538461538462,
      0.7576923076923077,
      0.7692307692307692,
      0.7807692307692308,
      0.7923076923076923,
      0.8038461538461539,
      0.8153846153846154,
      0.8269230769230769,
      0.8384615384615385,
      0.85,
      0.8615384615384616,
      0.8730769230769231,
      0.8846153846153846,
      0.8961538461538462,
      0.9076923076923077,
      0.9192307692307693,
      0.9307692307692308,
      0.9423076923076923,
      0.9538461538461538,
      0.9653846153846154,
      0.976923076923077,
      0.9884615384615385,
      1.0
    ],
    "DoF_values": [
      1.050420902342485,
      1.161881285697339,
      0.6666352951791078,
      0.7783127174491381,
      1.0391446126639752,
      0.8891656621369777,
      0.7826655870635939,
      0.8010898356948334,
      0.7375293465309485,
      1.1147233194739623,
      0.817964363246888,
      0.5264959810110954,
      0.9162936759600802,
      0.9926227457418831,
      0.7027901316163625,
      1.0899248779837092,
      0.7679716749457108,
      1.0164208010420106,
      0.7742482427814239,
      1.160117738891664,
      1.197264922494609,
      0.7823421095116534,
      1.0293277319349887,
      0.8236819644864989,
      1.009726281009552,
      1.0545370713925903,
      1.073627117410573
    ],
    "psi_values": [
      1.0086764015243945,
      1.0267005461171146,
      0.9312601800961418,
      0.956939199665779,
      1.0067662756863247,
      0.9795808172889524,
      0.957876943406234,
      0.9617991080208153,
      0.9479364619313775,
      1.0192566308998905,
      0.9653266544995494,
      0.8934516097764537,
      0.9847647226059842,
      0.9987004394762394,
      0.9399382449518888,
      1.0152374598823168,
      0.9546939585220766,
      1.002864516039359,
      0.9560596737380672,
      1.0264266927314127,
      1.0321239971516458,
      0.9578074043426752,
      1.0050893995298078,
      0.9665082890858054,
      1.0017013343759185,
      1.0093694419192802,
      1.0125547776964472
    ]
  }
}