{
  "parameters": {
    "K": 10,
    "N_max": 1.0,
    "N_min": 0.01,
    "n_points": 100,
    "utility_type": "random",
    "threshold": 0.1
  },
  "utilities": [
    1.5792128155073915,
    1.5230298564080254,
    0.7674347291529088,
    0.6476885381006925,
    0.5425600435859647,
    0.4967141530112327,
    -0.13826430117118466,
    -0.23413695694918055,
    -0.23415337472333597,
    -0.4694743859349521
  ],
  "metrics": {
    "N_c_pr": 0.030000000000000027,
    "N_c_gini": 0.030000000000000027,
    "N_c_entropy": 0.01,
    "PR_min": 1.0072615504512643,
    "Gini_max": 0.8992764624190168,
    "entropy_min": 0.023949488720733245,
    "entropy_max": 2.065330018856222
  },
  "curves": {
    "N_values": [
      1.0,
      0.99,
      0.98,
      0.97,
      0.96,
      0.95,
      0.94,
      0.9299999999999999,
      0.92,
      0.91,
      0.9,
      0.89,
      0.88,
      0.87,
      0.86,
      0.85,
      0.84,
      0.83,
      0.8200000000000001,
      0.81,
      0.8,
      0.79,
      0.78,
      0.77,
      0.76,
      0.75,
      0.74,
      0.73,
      0.72,
      0.71,
      0.7,
      0.69,
      0.6799999999999999,
      0.6699999999999999,
      0.6599999999999999,
      0.6499999999999999,
      0.64,
      0.63,
      0.62,
      0.61,
      0.6,
      0.59,
      0.5800000000000001,
      0.5700000000000001,
      0.56,
      0.55,
      0.54,
      0.53,
      0.52,
      0.51,
      0.5,
      0.49,
      0.48,
      0.47,
      0.45999999999999996,
      0.44999999999999996,
      0.43999999999999995,
      0.42999999999999994,
      0.42000000000000004,
      0.41000000000000003,
      0.4,
      0.39,
      0.38,
      0.37,
      0.36,
      0.35,
      0.33999999999999997,
      0.32999999999999996,
      0.31999999999999995,
      0.30999999999999994,
      0.29999999999999993,
      0.29000000000000004,
      0.28,
      0.27,
      0.26,
      0.25,
      0.24,
      0.22999999999999998,
      0.21999999999999997,
      0.20999999999999996,
      0.19999999999999996,
      0.18999999999999995,
      0.17999999999999994,
      0.16999999999999993,
      0.16000000000000003,
      0.15000000000000002,
      0.14,
      0.13,
      0.12,
      0.10999999999999999,
      0.09999999999999998,
      0.08999999999999997,
      0.07999999999999996,
      0.06999999999999995,
      0.05999999999999994,
      0.04999999999999993,
      0.040000000000000036,
      0.030000000000000027,
      0.020000000000000018,
      0.01
    ],
    "participation_ratio": [
      6.5298395015380635,
      6.484544302583927,
      6.438592082538519,
      6.391977978114355,
      6.3446974865906,
      6.296746497090168,
      6.24812132344268,
      6.198818738671309,
      6.148836011138066,
      6.0981709423781485,
      6.046821906649205,
      5.994787892215854,
      5.942068544383659,
      5.888664210289453,
      5.834575985447036,
      5.779805762037988,
      5.724356278927479,
      5.668231173373445,
      5.611435034385507,
      5.55397345767599,
      5.495853102130893,
      5.437081747712328,
      5.377668354686518,
      5.3176231240527025,
      5.256957559028039,
      5.1956845274222285,
      5.133818324712805,
      5.071374737607998,
      5.008371107859034,
      4.944826396057496,
      4.8807612451262985,
      4.816198043185157,
      4.751160985442907,
      4.685676134740761,
      4.619771480341811,
      4.553476994534084,
      4.486824686587048,
      4.419848653575065,
      4.352585127556891,
      4.2850725185774605,
      4.21735145293848,
      4.149464806167271,
      4.081457730100027,
      4.013377673486397,
      3.9452743955173126,
      3.8771999716777454,
      3.8092087913306436,
      3.741357546447273,
      3.673705210912457,
      3.6063130098495204,
      3.5392443784276812,
      3.4725649096319824,
      3.406342290489103,
      3.340646226247127,
      3.275548351997291,
      3.2111221311925444,
      3.1474427404505025,
      3.084586939912941,
      3.0226329282517033,
      2.9616601811382313,
      2.9017492716008344,
      2.842981670141372,
      2.785439521723286,
      2.729205395714196,
      2.6743620034922797,
      2.6209918766106433,
      2.5691769960397255,
      2.518998359928915,
      2.470535473367602,
      2.42386573856956,
      2.3790637174991107,
      2.3362002309076653,
      2.2953412477196102,
      2.256546506327997,
      2.2198677942460066,
      2.185346794327784,
      2.153012384077446,
      2.1228772491308914,
      2.094933642611592,
      2.0691480884857394,
      2.045454788647191,
      2.023747448332129,
      2.003869177341134,
      1.9856000425679108,
      1.9686417116615347,
      1.9525983779612734,
      1.9369526741747984,
      1.9210343448091212,
      1.9039776663784431,
      1.8846603528264156,
      1.8616110862507993,
      1.832864055801415,
      1.7957277234160982,
      1.7464294597530732,
      1.679632940328896,
      1.5880318521978694,
      1.4630420209546218,
      1.3003020412778707,
      1.1200766461746676,
      1.0072615504512643
    ],
    "gini_coefficient": [
      0.3740737194274506,
      0.37740648799767484,
      0.3807918129555119,
      0.3842307109060097,
      0.38772421357359144,
      0.39127336726941553,
      0.39487923225859545,
      0.39854288201684973,
      0.4022654023651746,
      0.4060478904701288,
      0.4098914536961771,
      0.4137972082953627,
      0.41776627791825005,
      0.42179979192871175,
      0.4258988835036015,
      0.43006468749675775,
      0.43429833804504003,
      0.43860096589226627,
      0.44297369540492837,
      0.44741764125148764,
      0.4519339047148174,
      0.45652356960502694,
      0.4611876977374332,
      0.4659273239378794,
      0.4707434505349175,
      0.4756370412956219,
      0.4806090147589641,
      0.4856602369178322,
      0.4907915131979017,
      0.4960035796787676,
      0.5012970935000254,
      0.5066726223924525,
      0.5121306332721884,
      0.5176714798338904,
      0.5232953890774681,
      0.5290024467022452,
      0.5347925813025052,
      0.5406655472995467,
      0.5466209065478451,
      0.5526580085570352,
      0.5587759692774874,
      0.5649736484057164,
      0.5712496251771133,
      0.5776021726281648,
      0.5840292303288896,
      0.590528375609455,
      0.5970967933334748,
      0.6037312443052256,
      0.6104280324397342,
      0.6171829708743952,
      0.6239913472593812,
      0.6308478885326156,
      0.6377467255645355,
      0.6446813581491122,
      0.6516446209216167,
      0.658628650901032,
      0.6656248574864214,
      0.6726238958821433,
      0.6796156450865396,
      0.6865891917520388,
      0.6935328214105694,
      0.7004340187552849,
      0.7072794788759131,
      0.7140551315581845,
      0.7207461809752145,
      0.7273371633178456,
      0.7338120251297873,
      0.7401542253309048,
      0.7463468641288626,
      0.7523728422386642,
      0.758215054057441,
      0.7638566186872833,
      0.7692811529734165,
      0.7744730910401176,
      0.7794180551691527,
      0.7841032832690142,
      0.7885181185959449,
      0.7926545677348027,
      0.7965079329907772,
      0.8000775250623018,
      0.8033674608597876,
      0.8063875492675776,
      0.8091542642968417,
      0.8116918006970426,
      0.8140332031403545,
      0.8162215605982119,
      0.8183112714609375,
      0.8203694299798794,
      0.8224774925140248,
      0.8247336053324441,
      0.827256393138275,
      0.8301917222322492,
      0.8337250648324868,
      0.8381035822439038,
      0.8436732523354395,
      0.8509333374651387,
      0.860581740838577,
      0.8733555843946312,
      0.8886336330268731,
      0.8992764624190168
    ],