{
  "timestamp": 1754889234,
  "commit": "4d347090774b06dc1fb882d7785c7b6100efac3c",
  "generator": {
    "n_points": 30,
    "noise_sigma": 0.02,
    "a_true": 2.0,
    "beta_true": 1.5,
    "x_min": 0.0,
    "x_max": 1.0,
    "seed": 123
  },
  "fitment": {
    "name": "no_fit",
    "params": {}
  },
  "families": [
    {
      "family": "exponential",
      "params": {
        "family": "exponential",
        "a": 1.9982864948881502,
        "b": 1.5015285510753105
      },
      "val": {
        "mse": 0.0003774835722774787,
        "AIC": -26.264638645750995,
        "BIC": -26.681119707294886,
        "AICc": -22.264638645750995
      },
      "test": {
        "mse": 0.0002768826133070628
      }
    },
    {
      "family": "polynomial",
      "params": {
        "family": "polynomial",
        "coefs": [
          2.5075069013153573,
          1.281402835796183,
          3.1876820341690997,
          1.994066644252171
        ],
        "degree": 3
      },
      "val": {
        "mse": 0.0005427578188231578,
        "AIC": -20.085821661770346,
        "BIC": -20.918783784858128,
        "AICc": 19.914178338229654
      },
      "test": {
        "mse": 0.00034352142672813683
      }
    },
    {
      "family": "power_law",
      "params": {
        "family": "power_law",
        "A": 6.822112007053438,
        "B": 0.461904354447239
      },
      "val": {
        "mse": 0.5689426123268376,
        "AIC": 17.64340815637923,
        "BIC": 17.226927094835343,
        "AICc": 21.64340815637923
      },
      "test": {
        "mse": 0.3784808725291966
      }
    }
  ],
  "best_by_AICc": "exponential",
  "train_size": 18,
  "val_size": 6,
  "test_size": 6
}